Clone/media,day,ALA,ARG,ASN,ASP,CYS,GLN,GLU,GLY,HIS,ILE,LEU,LYS,MET,PHE,PRO,SER,THR,TRP,TYR,VAL,CYSTINE,VCD (1E6 cells/mL),Viability (%),IgG titer (mg/mL),Glc (g/L),Lac (mM)
TZ-A,0,441.2764611,5364.955338,6343.222874,3040.764963,8.014238125,2000,2200.979919,607.0808472,1738.239899,3989.854647,5666.249463,5056.454265,1511.617608,1998.163181,6399.6152,9040.85055,2381.172612,398.0140776,1375.16209,4099.102996,1605.356612,0.31,98.5,0,9.99108,0
TZ-A,4,2930.117013,5224.125371,2408.472573,3565.120405,0,47.19247457,2810.596482,1953.015113,1621.102082,3170.24571,4295.006712,4740.066117,1396.324442,1857.855755,5110.82164,6769.860331,1983.309095,253.9087574,1246.257314,3190.81287,742.8279571,6.225,99.15,0.1,7.596,12.5
TZ-A,7,3031.504822,4290.436297,30.59631818,1667.021577,0,17.59024176,2145.166819,4408.826605,1233.092204,2402.923486,3075.856303,3492.649737,1004.830261,1313.065193,4518.66403,2800.5043,1335.910805,110.0365335,787.710587,2302.479105,276.6161572,12.66,97.25,0.23,4.3425,11.875
TZ-A,10,3697.681792,4348.44207,17.3199802,478.3460306,1.679708051,26.12709801,1597.871831,6087.542094,1216.902257,2127.297633,2719.820443,3472.37377,1007.738229,1226.284651,4601.905961,1000.090518,1233.839963,68.91624097,694.3158989,2104.901949,140.6428454,12.315,82.05,0.305,1.404,9.1
TZ-A,15,3904.387546,4597.525443,21.46563042,612.7502462,4.302165765,28.78372091,1780.913854,7054.935627,1287.219338,2205.797313,2848.062835,3875.750959,1070.44285,1278.891924,4842.337676,795.152748,1330.413909,72.82627394,741.7394715,2242.237965,110.2952211,0.33,2.2,0.325,0.2925,11.25
TZ-B,0,1912.196527,5023.797828,5277.561431,2328.769847,11.62914037,2000,2391.342672,4418.200848,1801.581361,4092.15452,4629.212486,5289.80963,1511.617608,2256.385809,5529.331529,9137.406834,4396.001818,669.5989835,1148.480371,4303.648235,2329.468765,0.295,99.3,0,7.4934,0
TZ-B,4,3050.192472,4316.218286,1466.91808,2561.498621,0,63.96592275,2753.913315,4845.522648,1569.361932,3030.40418,3152.862555,4517.440679,1150.605327,1973.931863,4296.859295,6418.802583,3827.717473,488.0827228,915.0285588,3143.869104,1769.56249,7.615,99.3,0.115,4.842,11.925
TZ-B,7,1994.033376,4102.679455,10.54630147,1032.820552,0,76.48919981,2387.525804,7569.995502,1288.244268,2110.900788,1699.071147,3660.433262,952.8726724,1474.248286,4071.840061,2281.580473,3292.363959,265.9426229,483.7390286,2246.747082,875.8970902,16.685,97.5,0.285,1.2465,1.975
TZ-B,10,926.0144965,3959.115767,24.95114788,1512.440358,5.149603145,21.02858305,1948.336981,9348.564252,1229.346344,1750.817817,1349.019606,3531.223546,831.9379514,1421.975672,3853.488291,477.9600909,3131.915525,230.1787552,469.410398,1940.402319,969.7315921,0.31,1.75,0.345,0.009,0.1
TZ-B,15,992.3130741,3966.947509,11.29421735,1433.828406,0,25.08911791,2100.424576,9724.52413,1161.723743,1769.403184,1381.624435,3611.418344,761.137579,1409.457693,4061.281755,500.3286477,3175.987674,197.0056257,475.2073617,2004.66034,862.4568046,0.285,1.65,0.36,0.0135,0.2
S7-A,0,441.2764611,5364.955338,6343.222874,3040.764963,8.014238125,2000,2200.979919,607.0808472,1738.239899,3989.854647,5666.249463,5056.454265,1511.617608,1998.163181,6399.6152,9040.85055,2381.172612,398.0140776,1375.16209,4099.102996,1605.356612,0.32,99.4,0,9.99108,0
S7-A,4,3162.57515,4732.188229,1478.677272,3081.57987,0,42.73638745,2757.214781,2267.122878,1533.155375,2936.204736,3920.956983,4475.415062,1207.609133,1762.472439,4930.790706,6142.932992,1892.845612,228.470986,1222.362938,2949.432686,522.4692837,7.96,99.05,0.085,7.5465,10.9
S7-A,7,1568.553318,3876.887443,25.60861805,128.8109531,0,85.46176917,713.1626131,3713.861884,1065.331679,1447.510387,1374.26025,2874.637843,743.1820239,1018.335085,4284.201928,3954.179629,830.5242387,27.51751249,517.6547369,1404.657209,8.17886711,17.21,98.65,0.34,2.925,0.3
S7-A,10,652.5592481,4065.458083,36.12417762,125.7283946,4.046710114,57.20680454,621.5177143,6642.009328,1048.091566,1182.29286,1017.505801,3007.310089,817.4204503,984.2138623,4479.344438,2328.40342,870.8372788,27.9266849,511.2333857,1223.478695,59.43146562,0.48,2.25,0.395,0.009,10.55
S7-A,15,933.4265394,4047.881763,20.7207875,228.6277776,0,94.47289648,992.7530822,6647.218912,1047.19492,1265.568533,1240.879555,3222.508939,814.4673183,1112.186224,4422.89373,2430.430773,1022.454217,40.64643297,612.2855541,1372.570446,20.24648673,0.625,2.95,0.4,0.027,11.1
S7-B,0,1912.196527,5023.797828,5277.561431,2328.769847,11.62914037,2000,2391.342672,4418.200848,1801.581361,4092.15452,4629.212486,5289.80963,1511.617608,2256.385809,5529.331529,9137.406834,4396.001818,669.5989835,1148.480371,4303.648235,2329.468765,0.315,98.85,0,7.4934,0
S7-B,4,3548.764525,4444.862977,984.2760421,2156.194891,0,37.94735282,2977.590106,5132.657119,1558.837841,2912.720508,3031.910935,4611.432001,1065.28208,1937.400191,4311.200831,6114.309802,3782.260174,452.2248484,933.5734006,3085.125673,1554.302313,8.595,99.2,0.09,4.95,10.55
S7-B,7,1225.61857,3927.240737,12.35341843,683.4186746,0,56.91280053,2799.603378,6332.507749,1265.972805,1788.444517,1198.713053,3626.156125,773.0041635,1369.539347,3944.13686,3605.508735,3236.444206,235.2207453,468.1544721,1894.802785,302.2490365,13.485,96.65,0.26,0.8595,0.6
S7-B,10,461.2231424,3769.712361,22.32836184,1278.244393,0,23.76900572,1948.273963,9187.086149,1161.971849,1643.684454,1034.609112,3465.269312,786.5987412,1355.379285,3860.229377,1004.659501,3091.292205,207.8175045,457.5536147,1739.79453,717.7980331,0.685,3.85,0.295,0.009,0.05
S7-B,15,538.3594881,3947.012088,10.60617165,1413.806219,0,34.55461443,2128.518756,9843.683513,1179.759135,1734.162639,1139.711921,3656.219615,827.962025,1433.627904,4121.272116,1122.843905,3261.851888,204.0361963,500.1763792,1875.067101,795.5832692,0.53,3,0.3,0.018,0.05
